"nest_no","FTSA10_2","PF3OUDS11CL","FTSA4_2","DIPAP6_2","FTSA6_2","DIPAP8_2","FTSA8_2","CL_9PF3ONS","DONA","FOSA","N_ETFOSA","N_ETFOSAA","N_ETFOSE","N_MEFOSA","N_MEFOSAA","N_MEFOSE","PFBA","PFBS","PFDA","PFDOA","PFDS","PFHPA","PFHPS","PFHXA","PFHXDA","PFHXS","PFMBA","PFMPA","PFNA","PFNS","PFOA","PFODA","PFOS","PFPEA","PFPES","PFTEDA","PFTRDA","PFUNDA","PFEESA","PFDoS","ADONA","HFPO.DA","NFDHA","X3.3FTCA","X5.3FTCA","X6.2FTS","X7.3FTCA","TOTAL_PFAS"
"AD-13a","NaN (Inf–-Inf)","0 (0–0)","0 (0–0)","NaN (Inf–-Inf)","0 (0–0)","NaN (Inf–-Inf)","8.106 (6.406–9.535)","0 (0–0)","0 (0–0)","6.084 (4.562–6.913)","0 (0–0)","6.006 (5.624–6.611)","0 (0–0)","0 (0–0)","0.678 (0.49–0.818)","0 (0–0)","0.167 (0.165–0.169)","0 (0–0)","12.608 (10.087–14.037)","8.242 (6.91–9.025)","1.518 (1.194–1.865)","0 (0–0)","3.247 (2.434–3.694)","0.022 (0.02–0.026)","NaN (Inf–-Inf)","0.677 (0.536–0.752)","0 (0–0)","0 (0–0)","4.949 (4.02–5.679)","0.498 (0.372–0.564)","0.528 (0.416–0.71)","NaN (Inf–-Inf)","445.07 (355.83–502.62)","0 (0–0)","0 (0–0)","3.348 (2.687–3.745)","5.997 (5.108–6.674)","9.739 (7.998–10.715)","0 (0–0)","0 (0–0)","0 (0–0)","0 (0–0)","0 (0–0)","0 (0–0)","6.827 (5.789–8.882)","0 (0–0)","3.262 (2.931–3.514)","527.573 (423.99–594.044)"
"AS-106","0 (0–0)","0 (0–0)","0 (0–0)","0 (0–0)","0 (0–0)","0 (0–0)","0 (0–0)","0 (0–0)","0 (0–0)","0 (0–0)","0 (0–0)","0 (0–0)","0 (0–0)","0 (0–0)","0 (0–0)","0 (0–0)","0.09 (0.076–0.105)","0 (0–0)","38.45 (37.3–39.6)","8.515 (7.93–9.1)","0.614 (0.55–0.678)","0.072 (0.07–0.074)","1.17 (0.939–1.4)","0 (0–0)","0 (0–0)","1.113 (0.977–1.25)","0 (0–0)","0 (0–0)","103.95 (97.9–110)","0.102 (0.094–0.109)","2.82 (2.75–2.89)","0 (0–0)","131.5 (123–140)","0 (0–0)","0 (0–0)","2.3 (2.13–2.47)","13.7 (12.5–14.9)","50.95 (49.1–52.8)","NaN (Inf–-Inf)","NaN (Inf–-Inf)","NaN (Inf–-Inf)","NaN (Inf–-Inf)","NaN (Inf–-Inf)","NaN (Inf–-Inf)","NaN (Inf–-Inf)","NaN (Inf–-Inf)","NaN (Inf–-Inf)","355.346 (335.316–375.376)"
"AS-108","0 (0–0)","0 (0–0)","0 (0–0)","0 (0–0)","0 (0–0)","0 (0–0)","0 (0–0)","0 (0–0)","0 (0–0)","0 (0–0)","0 (0–0)","0 (0–0)","0 (0–0)","0 (0–0)","0 (0–0)","0 (0–0)","0 (0–0)","0 (0–0)","15.5 (15.5–15.5)","5.2 (5.2–5.2)","0.537 (0.537–0.537)","0 (0–0)","0.697 (0.697–0.697)","0 (0–0)","0 (0–0)","0.52 (0.52–0.52)","0 (0–0)","0 (0–0)","40.7 (40.7–40.7)","0.083 (0.083–0.083)","0.787 (0.787–0.787)","0 (0–0)","79.2 (79.2–79.2)","0 (0–0)","0 (0–0)","1.53 (1.53–1.53)","9.97 (9.97–9.97)","22.7 (22.7–22.7)","NaN (Inf–-Inf)","NaN (Inf–-Inf)","NaN (Inf–-Inf)","NaN (Inf–-Inf)","NaN (Inf–-Inf)","NaN (Inf–-Inf)","NaN (Inf–-Inf)","NaN (Inf–-Inf)","NaN (Inf–-Inf)","177.424 (177.424–177.424)"
"AS-20f","0 (0–0)","0 (0–0)","0 (0–0)","0 (0–0)","0 (0–0)","0 (0–0)","0 (0–0)","0 (0–0)","0 (0–0)","0 (0–0)","0 (0–0)","0 (0–0)","0 (0–0)","0 (0–0)","0 (0–0)","0 (0–0)","0.206 (0.18–0.231)","0 (0–0)","33.8 (33.3–34.3)","8.89 (8.79–8.99)","1.265 (1.24–1.29)","0.062 (0.06–0.063)","2.01 (1.88–2.14)","0 (0–0)","0 (0–0)","1.595 (1.45–1.74)","0 (0–0)","0 (0–0)","88.85 (87.7–90)","0.144 (0.142–0.147)","2.12 (1.68–2.56)","0 (0–0)","182 (176–188)","0 (0–0)","0 (0–0)","2.535 (2.43–2.64)","14.45 (13.5–15.4)","49.3 (49.2–49.4)","NaN (Inf–-Inf)","NaN (Inf–-Inf)","NaN (Inf–-Inf)","NaN (Inf–-Inf)","NaN (Inf–-Inf)","NaN (Inf–-Inf)","NaN (Inf–-Inf)","NaN (Inf–-Inf)","NaN (Inf–-Inf)","387.226 (382.126–392.327)"
"AS-28c","0 (0–0)","0 (0–0)","0 (0–0)","0 (0–0)","0 (0–0)","0 (0–0)","0 (0–0)","0 (0–0)","0 (0–0)","0.114 (0.089–0.128)","0 (0–0)","0 (0–0)","0.021 (0–0.064)","0 (0–0)","0 (0–0)","0 (0–0)","0.033 (0–0.058)","0 (0–0)","13.4 (12.3–14.8)","3.92 (3.2–4.42)","0.568 (0.465–0.665)","0 (0–0)","0.663 (0.526–0.743)","0 (0–0)","0 (0–0)","0.673 (0.5–0.785)","0 (0–0)","0 (0–0)","39.6 (33–43.6)","0.042 (0.031–0.05)","0.842 (0.689–1.05)","0 (0–0)","78.433 (68.9–86.9)","0 (0–0)","0 (0–0)","0.92 (0.838–1.02)","8.247 (6.67–10)","19.333 (16.3–21.6)","NaN (Inf–-Inf)","NaN (Inf–-Inf)","NaN (Inf–-Inf)","NaN (Inf–-Inf)","NaN (Inf–-Inf)","NaN (Inf–-Inf)","NaN (Inf–-Inf)","NaN (Inf–-Inf)","NaN (Inf–-Inf)","166.81 (143.947–178.498)"
"AS-71a","0 (0–0)","0 (0–0)","0 (0–0)","0 (0–0)","0 (0–0)","0 (0–0)","0 (0–0)","0 (0–0)","0 (0–0)","0.06 (0–0.092)","0 (0–0)","0 (0–0)","0 (0–0)","0 (0–0)","0 (0–0)","0 (0–0)","0.192 (0.098–0.247)","0.031 (0–0.093)","55.2 (43.8–61)","16.533 (12.4–19.1)","1.149 (0.938–1.27)","0.214 (0.078–0.334)","1.323 (1.29–1.35)","0 (0–0)","0 (0–0)","1.37 (1.21–1.46)","0 (0–0)","0 (0–0)","133.333 (106–149)","0.127 (0.12–0.136)","3.83 (2.57–5.8)","0 (0–0)","164.667 (148–175)","0 (0–0)","0 (0–0)","3.083 (2.66–3.49)","29.067 (20.2–34.1)","83.933 (60.8–97.3)","NaN (Inf–-Inf)","NaN (Inf–-Inf)","NaN (Inf–-Inf)","NaN (Inf–-Inf)","NaN (Inf–-Inf)","NaN (Inf–-Inf)","NaN (Inf–-Inf)","NaN (Inf–-Inf)","NaN (Inf–-Inf)","494.113 (400.73–544.701)"
"AS-90a","0 (0–0)","0 (0–0)","0 (0–0)","0 (0–0)","0 (0–0)","0 (0–0)","0 (0–0)","0 (0–0)","0 (0–0)","0.123 (0.122–0.124)","0 (0–0)","0 (0–0)","0 (0–0)","0 (0–0)","0 (0–0)","0 (0–0)","0.178 (0.124–0.232)","0 (0–0)","39.95 (36.1–43.8)","9.08 (9.01–9.15)","1.115 (0.911–1.32)","1.202 (0.844–1.56)","1.74 (1.4–2.08)","0 (0–0)","0 (0–0)","2.405 (2.23–2.58)","0 (0–0)","0 (0–0)","125 (119–131)","0.112 (0.108–0.115)","19.75 (10.2–29.3)","0 (0–0)","149 (149–149)","0 (0–0)","0.014 (0–0.027)","2.05 (1.95–2.15)","22.05 (21.6–22.5)","57 (52.8–61.2)","NaN (Inf–-Inf)","NaN (Inf–-Inf)","NaN (Inf–-Inf)","NaN (Inf–-Inf)","NaN (Inf–-Inf)","NaN (Inf–-Inf)","NaN (Inf–-Inf)","NaN (Inf–-Inf)","NaN (Inf–-Inf)","430.769 (405.399–456.138)"
"AS-99c","0 (0–0)","0 (0–0)","0 (0–0)","0 (0–0)","0 (0–0)","0 (0–0)","0 (0–0)","0 (0–0)","0 (0–0)","0.078 (0.075–0.081)","0 (0–0)","0 (0–0)","0 (0–0)","0 (0–0)","0 (0–0)","0 (0–0)","0.068 (0–0.137)","0 (0–0)","19.2 (18.9–19.5)","5.53 (5.28–5.78)","0.438 (0.412–0.463)","0.024 (0–0.048)","0.982 (0.964–1)","0 (0–0)","0 (0–0)","0.852 (0.806–0.898)","0 (0–0)","0 (0–0)","72.75 (59.7–85.8)","0.036 (0–0.072)","1 (0.639–1.36)","0 (0–0)","85.15 (83.5–86.8)","0 (0–0)","0 (0–0)","1.255 (1.21–1.3)","13.4 (12.7–14.1)","26.3 (26.1–26.5)","NaN (Inf–-Inf)","NaN (Inf–-Inf)","NaN (Inf–-Inf)","NaN (Inf–-Inf)","NaN (Inf–-Inf)","NaN (Inf–-Inf)","NaN (Inf–-Inf)","NaN (Inf–-Inf)","NaN (Inf–-Inf)","227.062 (211.415–242.71)"
"BR-09","0.216 (0.186–0.247)","0 (0–0)","0 (0–0)","0 (0–0)","0 (0–0)","0 (0–0)","0.734 (0.552–0.916)","0 (0–0)","0 (0–0)","0.408 (0.406–0.41)","0 (0–0)","0.511 (0.195–0.828)","0 (0–0)","0 (0–0)","0.321 (0.157–0.485)","0 (0–0)","0.106 (0–0.213)","0 (0–0)","13.3 (10.1–16.5)","7.67 (4.64–10.7)","1.175 (0.869–1.48)","0 (0–0)","0.951 (0.822–1.08)","0 (0–0)","0 (0–0)","1.705 (1.51–1.9)","0 (0–0)","0 (0–0)","4.76 (4.12–5.4)","0.172 (0.145–0.199)","0.131 (0.119–0.143)","0 (0–0)","170 (145–195)","0 (0–0)","0 (0–0)","1.58 (1.36–1.8)","4.535 (2.31–6.76)","12.105 (8.61–15.6)","NaN (Inf–-Inf)","NaN (Inf–-Inf)","NaN (Inf–-Inf)","NaN (Inf–-Inf)","NaN (Inf–-Inf)","NaN (Inf–-Inf)","NaN (Inf–-Inf)","NaN (Inf–-Inf)","NaN (Inf–-Inf)","220.381 (182.051–258.711)"
"BR-11a","0.234 (0.228–0.24)","0 (0–0)","0 (0–0)","0 (0–0)","0 (0–0)","0 (0–0)","0.575 (0–1.15)","0 (0–0)","0 (0–0)","0.906 (0.861–0.952)","0 (0–0)","1.053 (0.886–1.22)","0 (0–0)","0 (0–0)","0.42 (0.347–0.492)","0 (0–0)","0.241 (0.234–0.248)","0 (0–0)","12.65 (11.7–13.6)","7.7 (7.32–8.08)","1.52 (1.43–1.61)","0 (0–0)","1.157 (0.914–1.4)","0 (0–0)","0 (0–0)","1.11 (0.85–1.37)","0 (0–0)","0 (0–0)","4.5 (4.21–4.79)","0.246 (0.189–0.304)","0.537 (0.388–0.686)","0 (0–0)","173 (163–183)","0 (0–0)","0 (0–0)","1.785 (1.64–1.93)","5.075 (4.84–5.31)","13.1 (11.7–14.5)","NaN (Inf–-Inf)","NaN (Inf–-Inf)","NaN (Inf–-Inf)","NaN (Inf–-Inf)","NaN (Inf–-Inf)","NaN (Inf–-Inf)","NaN (Inf–-Inf)","NaN (Inf–-Inf)","NaN (Inf–-Inf)","225.81 (210.751–240.868)"
"BR-12","0.231 (0.197–0.265)","0 (0–0)","0 (0–0)","0 (0–0)","0 (0–0)","0 (0–0)","1.27 (1.01–1.53)","0 (0–0)","0 (0–0)","0.366 (0.315–0.417)","0 (0–0)","1.2 (0.831–1.57)","0.045 (0–0.09)","0 (0–0)","0.48 (0.462–0.497)","0 (0–0)","0 (0–0)","0 (0–0)","7.905 (7.64–8.17)","3.865 (3.24–4.49)","1.265 (1.25–1.28)","0 (0–0)","1.085 (1.08–1.09)","0 (0–0)","0 (0–0)","0.83 (0.62–1.04)","0 (0–0)","0 (0–0)","3.185 (3.16–3.21)","0.127 (0.099–0.155)","0.286 (0.248–0.324)","0 (0–0)","131 (108–154)","0 (0–0)","0 (0–0)","1.365 (1.07–1.66)","2.55 (2.32–2.78)","6.82 (6.75–6.89)","NaN (Inf–-Inf)","NaN (Inf–-Inf)","NaN (Inf–-Inf)","NaN (Inf–-Inf)","NaN (Inf–-Inf)","NaN (Inf–-Inf)","NaN (Inf–-Inf)","NaN (Inf–-Inf)","NaN (Inf–-Inf)","163.875 (139.716–188.034)"
"BR-15","0.097 (0–0.194)","0 (0–0)","0 (0–0)","0 (0–0)","0 (0–0)","0 (0–0)","0.896 (0.858–0.934)","0 (0–0)","0 (0–0)","0.646 (0.599–0.693)","0 (0–0)","1.091 (0.822–1.36)","0.029 (0–0.058)","0 (0–0)","0.399 (0.33–0.468)","0 (0–0)","0.063 (0–0.126)","0 (0–0)","10.765 (8.63–12.9)","5.785 (4.74–6.83)","0.99 (0.51–1.47)","0 (0–0)","0.584 (0.494–0.674)","0 (0–0)","0 (0–0)","0.217 (0.181–0.253)","0 (0–0)","0 (0–0)","1.705 (1.4–2.01)","0.147 (0.083–0.211)","0.138 (0.129–0.146)","0 (0–0)","123.25 (92.5–154)","0 (0–0)","0 (0–0)","1.195 (1.02–1.37)","2.675 (1.88–3.47)","10.905 (7.51–14.3)","NaN (Inf–-Inf)","NaN (Inf–-Inf)","NaN (Inf–-Inf)","NaN (Inf–-Inf)","NaN (Inf–-Inf)","NaN (Inf–-Inf)","NaN (Inf–-Inf)","NaN (Inf–-Inf)","NaN (Inf–-Inf)","161.577 (122.023–201.13)"
"BR-17","0.274 (0.262–0.287)","0 (0–0)","0 (0–0)","0 (0–0)","0 (0–0)","0 (0–0)","0.789 (0.598–0.981)","0 (0–0)","0 (0–0)","0.378 (0.289–0.466)","0 (0–0)","0.323 (0–0.646)","0 (0–0)","0 (0–0)","0.342 (0.164–0.521)","0 (0–0)","0.112 (0–0.224)","0 (0–0)","13.195 (9.49–16.9)","6.19 (5.05–7.33)","1.07 (0.89–1.25)","0 (0–0)","1.143 (0.906–1.38)","0 (0–0)","0 (0–0)","2.4 (1.36–3.44)","0 (0–0)","0 (0–0)","4.91 (2.92–6.9)","0.175 (0.154–0.196)","0.185 (0.108–0.262)","0 (0–0)","178.5 (151–206)","0 (0–0)","0 (0–0)","1.595 (1.3–1.89)","3.11 (2.34–3.88)","12.265 (8.13–16.4)","NaN (Inf–-Inf)","NaN (Inf–-Inf)","NaN (Inf–-Inf)","NaN (Inf–-Inf)","NaN (Inf–-Inf)","NaN (Inf–-Inf)","NaN (Inf–-Inf)","NaN (Inf–-Inf)","NaN (Inf–-Inf)","226.957 (185.185–268.729)"
"BR-19","0.187 (0.187–0.187)","0 (0–0)","0 (0–0)","0 (0–0)","0 (0–0)","0 (0–0)","1.3 (1.3–1.3)","0 (0–0)","0 (0–0)","0.757 (0.757–0.757)","0 (0–0)","1.56 (1.56–1.56)","0 (0–0)","0 (0–0)","0.675 (0.675–0.675)","0 (0–0)","0 (0–0)","0 (0–0)","13.8 (13.8–13.8)","8.28 (8.28–8.28)","0.974 (0.974–0.974)","0 (0–0)","0.912 (0.912–0.912)","0 (0–0)","0 (0–0)","0.7 (0.7–0.7)","0 (0–0)","0 (0–0)","3.45 (3.45–3.45)","0.112 (0.112–0.112)","0.153 (0.153–0.153)","0 (0–0)","149 (149–149)","0 (0–0)","0 (0–0)","1.81 (1.81–1.81)","4.44 (4.44–4.44)","12.4 (12.4–12.4)","NaN (Inf–-Inf)","NaN (Inf–-Inf)","NaN (Inf–-Inf)","NaN (Inf–-Inf)","NaN (Inf–-Inf)","NaN (Inf–-Inf)","NaN (Inf–-Inf)","NaN (Inf–-Inf)","NaN (Inf–-Inf)","200.51 (200.51–200.51)"
"BY-032d","0 (0–0)","0 (0–0)","0 (0–0)","0 (0–0)","0 (0–0)","0 (0–0)","0 (0–0)","0 (0–0)","0 (0–0)","0 (0–0)","0 (0–0)","0 (0–0)","0 (0–0)","0 (0–0)","0 (0–0)","0 (0–0)","0 (0–0)","0 (0–0)","30 (30–30)","6.45 (6.45–6.45)","0.696 (0.696–0.696)","0 (0–0)","1.08 (1.08–1.08)","0 (0–0)","0 (0–0)","1.16 (1.16–1.16)","0 (0–0)","0 (0–0)","75.4 (75.4–75.4)","0.114 (0.114–0.114)","1.92 (1.92–1.92)","0 (0–0)","125 (125–125)","0 (0–0)","0 (0–0)","1.65 (1.65–1.65)","10.6 (10.6–10.6)","42.4 (42.4–42.4)","NaN (Inf–-Inf)","NaN (Inf–-Inf)","NaN (Inf–-Inf)","NaN (Inf–-Inf)","NaN (Inf–-Inf)","NaN (Inf–-Inf)","NaN (Inf–-Inf)","NaN (Inf–-Inf)","NaN (Inf–-Inf)","296.47 (296.47–296.47)"
"BY-100a","0 (0–0)","0 (0–0)","0 (0–0)","0 (0–0)","0 (0–0)","0 (0–0)","0 (0–0)","0 (0–0)","0 (0–0)","0 (0–0)","0 (0–0)","0 (0–0)","0 (0–0)","0 (0–0)","0 (0–0)","0 (0–0)","0.082 (0.073–0.093)","0 (0–0)","29.8 (26.5–33.3)","6.02 (5.85–6.23)","0.63 (0.503–0.708)","0 (0–0)","1.006 (0.958–1.08)","0 (0–0)","0 (0–0)","0.907 (0.806–1.04)","0 (0–0)","0 (0–0)","72.933 (60.7–82.8)","0.105 (0.098–0.113)","1.515 (0.926–1.97)","0 (0–0)","121 (107–128)","0 (0–0)","0 (0–0)","1.883 (1.77–1.98)","11.867 (11.2–12.9)","38.733 (36.2–43.1)","NaN (Inf–-Inf)","NaN (Inf–-Inf)","NaN (Inf–-Inf)","NaN (Inf–-Inf)","NaN (Inf–-Inf)","NaN (Inf–-Inf)","NaN (Inf–-Inf)","NaN (Inf–-Inf)","NaN (Inf–-Inf)","286.482 (254.664–311.57)"
"BY-30","0 (0–0)","0 (0–0)","0 (0–0)","0 (0–0)","0 (0–0)","0 (0–0)","0 (0–0)","0 (0–0)","0 (0–0)","0.071 (0.071–0.071)","0 (0–0)","0 (0–0)","0.056 (0.056–0.056)","0 (0–0)","0 (0–0)","0 (0–0)","0.115 (0.115–0.115)","0 (0–0)","35.6 (35.6–35.6)","9.75 (9.75–9.75)","1.24 (1.24–1.24)","0.051 (0.051–0.051)","1.17 (1.17–1.17)","0 (0–0)","0 (0–0)","1.2 (1.2–1.2)","0 (0–0)","0 (0–0)","80.3 (80.3–80.3)","0.174 (0.174–0.174)","1.18 (1.18–1.18)","0 (0–0)","138 (138–138)","0 (0–0)","0 (0–0)","2.15 (2.15–2.15)","23.1 (23.1–23.1)","52.3 (52.3–52.3)","NaN (Inf–-Inf)","NaN (Inf–-Inf)","NaN (Inf–-Inf)","NaN (Inf–-Inf)","NaN (Inf–-Inf)","NaN (Inf–-Inf)","NaN (Inf–-Inf)","NaN (Inf–-Inf)","NaN (Inf–-Inf)","346.457 (346.457–346.457)"
"BY-47a","0 (0–0)","0 (0–0)","0 (0–0)","0 (0–0)","0 (0–0)","0 (0–0)","0 (0–0)","0 (0–0)","0 (0–0)","0.131 (0.131–0.131)","0 (0–0)","0 (0–0)","0 (0–0)","0 (0–0)","0 (0–0)","0 (0–0)","0.098 (0.098–0.098)","0 (0–0)","54.7 (54.7–54.7)","15.6 (15.6–15.6)","0.922 (0.922–0.922)","0 (0–0)","1.57 (1.57–1.57)","0 (0–0)","0 (0–0)","1.58 (1.58–1.58)","0 (0–0)","0 (0–0)","145 (145–145)","0.133 (0.133–0.133)","1.98 (1.98–1.98)","0 (0–0)","179 (179–179)","0 (0–0)","0 (0–0)","2.51 (2.51–2.51)","22.6 (22.6–22.6)","76.1 (76.1–76.1)","NaN (Inf–-Inf)","NaN (Inf–-Inf)","NaN (Inf–-Inf)","NaN (Inf–-Inf)","NaN (Inf–-Inf)","NaN (Inf–-Inf)","NaN (Inf–-Inf)","NaN (Inf–-Inf)","NaN (Inf–-Inf)","501.924 (501.924–501.924)"
"BY-47b","0 (0–0)","0 (0–0)","0 (0–0)","0 (0–0)","0 (0–0)","0 (0–0)","0 (0–0)","0 (0–0)","0 (0–0)","0 (0–0)","0 (0–0)","0 (0–0)","0 (0–0)","0 (0–0)","0 (0–0)","0 (0–0)","0.148 (0.148–0.148)","0 (0–0)","27.4 (27.4–27.4)","5.81 (5.81–5.81)","0.629 (0.629–0.629)","0.035 (0.035–0.035)","1.02 (1.02–1.02)","0 (0–0)","0 (0–0)","0.888 (0.888–0.888)","0 (0–0)","0 (0–0)","74 (74–74)","0.09 (0.09–0.09)","1.72 (1.72–1.72)","0 (0–0)","120 (120–120)","0 (0–0)","0 (0–0)","1.82 (1.82–1.82)","11.1 (11.1–11.1)","38 (38–38)","NaN (Inf–-Inf)","NaN (Inf–-Inf)","NaN (Inf–-Inf)","NaN (Inf–-Inf)","NaN (Inf–-Inf)","NaN (Inf–-Inf)","NaN (Inf–-Inf)","NaN (Inf–-Inf)","NaN (Inf–-Inf)","282.66 (282.66–282.66)"
"BY-48a","0 (0–0)","0 (0–0)","0 (0–0)","0 (0–0)","0 (0–0)","0 (0–0)","0 (0–0)","0 (0–0)","0 (0–0)","0.066 (0.066–0.066)","0 (0–0)","0 (0–0)","0 (0–0)","0 (0–0)","0 (0–0)","0 (0–0)","0.115 (0.115–0.115)","0 (0–0)","13.9 (13.9–13.9)","4.33 (4.33–4.33)","0.7 (0.7–0.7)","0 (0–0)","0.943 (0.943–0.943)","0 (0–0)","0 (0–0)","0.668 (0.668–0.668)","0 (0–0)","0 (0–0)","29.8 (29.8–29.8)","0.072 (0.072–0.072)","0.275 (0.275–0.275)","0 (0–0)","74.5 (74.5–74.5)","0 (0–0)","0 (0–0)","1.12 (1.12–1.12)","10.4 (10.4–10.4)","18.6 (18.6–18.6)","NaN (Inf–-Inf)","NaN (Inf–-Inf)","NaN (Inf–-Inf)","NaN (Inf–-Inf)","NaN (Inf–-Inf)","NaN (Inf–-Inf)","NaN (Inf–-Inf)","NaN (Inf–-Inf)","NaN (Inf–-Inf)","155.489 (155.489–155.489)"
"BY-94","0 (0–0)","0 (0–0)","0 (0–0)","0 (0–0)","0 (0–0)","0 (0–0)","0 (0–0)","0 (0–0)","0 (0–0)","0 (0–0)","0 (0–0)","0 (0–0)","0 (0–0)","0 (0–0)","0 (0–0)","0 (0–0)","0.12 (0.068–0.173)","0 (0–0)","18.1 (17–19.2)","3.98 (3.96–4)","0.685 (0.575–0.796)","0 (0–0)","0.989 (0.938–1.04)","0 (0–0)","0 (0–0)","0.771 (0.712–0.831)","0 (0–0)","0 (0–0)","45.85 (42–49.7)","0.097 (0.088–0.106)","0.261 (0.197–0.325)","0 (0–0)","134 (107–161)","0 (0–0)","0 (0–0)","1.255 (1.09–1.42)","7.385 (7.1–7.67)","25.45 (23.7–27.2)","NaN (Inf–-Inf)","NaN (Inf–-Inf)","NaN (Inf–-Inf)","NaN (Inf–-Inf)","NaN (Inf–-Inf)","NaN (Inf–-Inf)","NaN (Inf–-Inf)","NaN (Inf–-Inf)","NaN (Inf–-Inf)","238.945 (212.256–265.633)"
"BY-97","0 (0–0)","0 (0–0)","0 (0–0)","0 (0–0)","0 (0–0)","0 (0–0)","0 (0–0)","0 (0–0)","0 (0–0)","0 (0–0)","0 (0–0)","0 (0–0)","0 (0–0)","0 (0–0)","0 (0–0)","0 (0–0)","0.056 (0–0.112)","0 (0–0)","5.32 (4.81–5.83)","1.665 (1.52–1.81)","0.746 (0.74–0.751)","0 (0–0)","0.59 (0.483–0.697)","0 (0–0)","0 (0–0)","0.389 (0.327–0.451)","0 (0–0)","0 (0–0)","12.06 (9.72–14.4)","0.068 (0.064–0.072)","0.224 (0.198–0.249)","0 (0–0)","51.35 (42.5–60.2)","0 (0–0)","0 (0–0)","0.684 (0.649–0.719)","3.655 (3.26–4.05)","6.2 (5.66–6.74)","NaN (Inf–-Inf)","NaN (Inf–-Inf)","NaN (Inf–-Inf)","NaN (Inf–-Inf)","NaN (Inf–-Inf)","NaN (Inf–-Inf)","NaN (Inf–-Inf)","NaN (Inf–-Inf)","NaN (Inf–-Inf)","83.006 (70.043–95.969)"
"BY100a","0 (0–0)","0 (0–0)","0 (0–0)","0 (0–0)","0 (0–0)","0 (0–0)","0 (0–0)","0 (0–0)","0 (0–0)","0.076 (0.076–0.076)","0 (0–0)","0 (0–0)","0 (0–0)","0 (0–0)","0 (0–0)","0 (0–0)","0.066 (0.066–0.066)","0 (0–0)","15.4 (15.4–15.4)","5.53 (5.53–5.53)","0.358 (0.358–0.358)","0 (0–0)","1.2 (1.2–1.2)","0 (0–0)","0 (0–0)","0.992 (0.992–0.992)","0 (0–0)","0 (0–0)","54.3 (54.3–54.3)","0.018 (0.018–0.018)","0.927 (0.927–0.927)","0 (0–0)","96.9 (96.9–96.9)","0 (0–0)","0 (0–0)","1.27 (1.27–1.27)","9.75 (9.75–9.75)","24 (24–24)","NaN (Inf–-Inf)","NaN (Inf–-Inf)","NaN (Inf–-Inf)","NaN (Inf–-Inf)","NaN (Inf–-Inf)","NaN (Inf–-Inf)","NaN (Inf–-Inf)","NaN (Inf–-Inf)","NaN (Inf–-Inf)","210.787 (210.787–210.787)"
"CO-03","NaN (Inf–-Inf)","0 (0–0)","0 (0–0)","NaN (Inf–-Inf)","0 (0–0)","NaN (Inf–-Inf)","2.917 (2.825–3.009)","0 (0–0)","0 (0–0)","2.726 (2.717–2.735)","0 (0–0)","1.676 (1.49–1.863)","0 (0–0)","0 (0–0)","0.204 (0.183–0.225)","0 (0–0)","0.066 (0.061–0.071)","0 (0–0)","8.441 (8.276–8.607)","7.228 (7.099–7.356)","0.471 (0.462–0.479)","0 (0–0)","0.806 (0.725–0.887)","0.017 (0.016–0.018)","NaN (Inf–-Inf)","0.295 (0.29–0.3)","0 (0–0)","0 (0–0)","2.019 (1.753–2.286)","0.367 (0.362–0.372)","0 (0–0)","NaN (Inf–-Inf)","257.175 (255.46–258.89)","0 (0–0)","0 (0–0)","1.477 (1.454–1.5)","3.809 (3.762–3.856)","8.621 (8.37–8.872)","0 (0–0)","0 (0–0)","0 (0–0)","0 (0–0)","0 (0–0)","0 (0–0)","0.624 (0.517–0.731)","0 (0–0)","0.818 (0.807–0.828)","299.757 (297.124–302.39)"
"CR-03","NaN (Inf–-Inf)","0 (0–0)","0 (0–0)","NaN (Inf–-Inf)","0 (0–0)","NaN (Inf–-Inf)","0.595 (0.595–0.595)","0 (0–0)","0 (0–0)","1.103 (1.103–1.103)","0 (0–0)","0.847 (0.847–0.847)","0 (0–0)","0 (0–0)","0 (0–0)","0 (0–0)","0.069 (0.069–0.069)","0 (0–0)","3.97 (3.97–3.97)","2.166 (2.166–2.166)","0.828 (0.828–0.828)","0 (0–0)","0.607 (0.607–0.607)","0.016 (0.016–0.016)","NaN (Inf–-Inf)","0.519 (0.519–0.519)","0 (0–0)","0 (0–0)","2.094 (2.094–2.094)","0 (0–0)","0.301 (0.301–0.301)","NaN (Inf–-Inf)","148.46 (148.46–148.46)","0 (0–0)","0 (0–0)","0.545 (0.545–0.545)","1.233 (1.233–1.233)","3.415 (3.415–3.415)","0 (0–0)","0 (0–0)","0 (0–0)","0 (0–0)","0 (0–0)","0 (0–0)","0.508 (0.508–0.508)","0 (0–0)","0 (0–0)","167.276 (167.276–167.276)"
"CR-09a","NaN (Inf–-Inf)","0 (0–0)","0 (0–0)","NaN (Inf–-Inf)","0 (0–0)","NaN (Inf–-Inf)","1.059 (1.024–1.094)","0 (0–0)","0 (0–0)","0.985 (0.834–1.136)","0 (0–0)","0.39 (0.327–0.452)","0 (0–0)","0 (0–0)","0 (0–0)","0 (0–0)","0.09 (0.08–0.099)","0 (0–0)","4.22 (3.605–4.834)","2.663 (2.495–2.83)","1.974 (0.299–3.648)","0 (0–0)","0.804 (0.671–0.937)","0.014 (0–0.028)","NaN (Inf–-Inf)","0.795 (0.715–0.876)","0 (0–0)","0 (0–0)","2.896 (2.404–3.387)","0 (0–0)","0 (0–0)","NaN (Inf–-Inf)","163.845 (146.73–180.96)","0 (0–0)","0 (0–0)","0.813 (0.762–0.864)","1.871 (1.781–1.961)","3.954 (3.46–4.448)","0 (0–0)","0 (0–0)","0 (0–0)","0 (0–0)","0 (0–0)","0 (0–0)","0.4 (0.364–0.436)","0 (0–0)","0 (0–0)","186.77 (165.972–207.569)"
"DO-05","0 (0–0)","0 (0–0)","0 (0–0)","0 (0–0)","0 (0–0)","0 (0–0)","0 (0–0)","0 (0–0)","0 (0–0)","0 (0–0)","0 (0–0)","0 (0–0)","0 (0–0)","0 (0–0)","0 (0–0)","0 (0–0)","0 (0–0)","0 (0–0)","28.8 (28.3–29.3)","9.02 (6.84–11.2)","0.936 (0.901–0.971)","0 (0–0)","1.81 (1.7–1.92)","0 (0–0)","0 (0–0)","1.255 (1.05–1.46)","0 (0–0)","0 (0–0)","25.25 (23.2–27.3)","0.107 (0.096–0.118)","0.571 (0.481–0.66)","0 (0–0)","250 (244–256)","0 (0–0)","0 (0–0)","1.92 (1.62–2.22)","14.35 (10.8–17.9)","25.3 (24.3–26.3)","NaN (Inf–-Inf)","NaN (Inf–-Inf)","NaN (Inf–-Inf)","NaN (Inf–-Inf)","NaN (Inf–-Inf)","NaN (Inf–-Inf)","NaN (Inf–-Inf)","NaN (Inf–-Inf)","NaN (Inf–-Inf)","359.318 (350.197–368.44)"
"DO-07a","NaN (Inf–-Inf)","0 (0–0)","0 (0–0)","NaN (Inf–-Inf)","0 (0–0)","NaN (Inf–-Inf)","0.459 (0.42–0.532)","0 (0–0)","0 (0–0)","0.715 (0.576–0.85)","0 (0–0)","0.121 (0–0.196)","0 (0–0)","0 (0–0)","0 (0–0)","0 (0–0)","0.074 (0.071–0.077)","0 (0–0)","4.078 (3.162–4.627)","0.976 (0.728–1.186)","0.232 (0.167–0.283)","0 (0–0)","0.092 (0–0.276)","0 (0–0)","NaN (Inf–-Inf)","0.147 (0.132–0.16)","0 (0–0)","0 (0–0)","3.895 (3.329–4.514)","0 (0–0)","0 (0–0)","NaN (Inf–-Inf)","42.286 (34.037–48.544)","0 (0–0)","0 (0–0)","0.297 (0.259–0.327)","0.999 (0.762–1.133)","3.648 (2.869–4.052)","0 (0–0)","0 (0–0)","0 (0–0)","0 (0–0)","0 (0–0)","0 (0–0)","0.068 (0–0.203)","0 (0–0)","0 (0–0)","58.087 (46.522–66.471)"
"DO-16a","0 (0–0)","0 (0–0)","0 (0–0)","0 (0–0)","0 (0–0)","0 (0–0)","0.164 (0.139–0.192)","0 (0–0)","0 (0–0)","0.697 (0.656–0.759)","0 (0–0)","0 (0–0)","0 (0–0)","0 (0–0)","0 (0–0)","0 (0–0)","0 (0–0)","0 (0–0)","13.2 (12.4–14.6)","5.117 (4.88–5.33)","0.889 (0.654–1.11)","0 (0–0)","1.173 (1.01–1.37)","0 (0–0)","0 (0–0)","2.293 (2.16–2.45)","0 (0–0)","0 (0–0)","7.153 (6.27–7.82)","0.105 (0.088–0.126)","0.153 (0.093–0.189)","0 (0–0)","178.667 (154–195)","0 (0–0)","0 (0–0)","1.133 (0.94–1.32)","6.377 (5.58–7.06)","15.5 (13.7–18.4)","NaN (Inf–-Inf)","NaN (Inf–-Inf)","NaN (Inf–-Inf)","NaN (Inf–-Inf)","NaN (Inf–-Inf)","NaN (Inf–-Inf)","NaN (Inf–-Inf)","NaN (Inf–-Inf)","NaN (Inf–-Inf)","232.622 (204.416–255.053)"
"DO-18","0 (0–0)","0 (0–0)","0 (0–0)","0 (0–0)","0 (0–0)","0 (0–0)","0 (0–0)","0 (0–0)","0 (0–0)","0.057 (0–0.114)","0 (0–0)","0 (0–0)","0 (0–0)","0 (0–0)","0 (0–0)","0 (0–0)","0 (0–0)","0 (0–0)","16.95 (12.5–21.4)","4.94 (3.57–6.31)","0.916 (0.673–1.16)","0 (0–0)","1.164 (0.888–1.44)","0 (0–0)","0 (0–0)","0.876 (0.712–1.04)","0 (0–0)","0 (0–0)","13.7 (10.3–17.1)","0.081 (0.059–0.104)","0.877 (0.484–1.27)","0 (0–0)","192 (148–236)","0 (0–0)","0 (0–0)","1.131 (0.891–1.37)","9.14 (6.58–11.7)","12.045 (9.59–14.5)","NaN (Inf–-Inf)","NaN (Inf–-Inf)","NaN (Inf–-Inf)","NaN (Inf–-Inf)","NaN (Inf–-Inf)","NaN (Inf–-Inf)","NaN (Inf–-Inf)","NaN (Inf–-Inf)","NaN (Inf–-Inf)","253.878 (194.247–313.508)"
"DO-29a","0 (0–0)","0 (0–0)","0 (0–0)","0 (0–0)","0 (0–0)","0 (0–0)","0.599 (0.589–0.609)","0 (0–0)","0 (0–0)","0.917 (0.884–0.95)","0 (0–0)","0.827 (0.696–0.958)","0 (0–0)","0 (0–0)","0.366 (0.349–0.384)","0 (0–0)","0 (0–0)","0 (0–0)","10.95 (10.4–11.5)","6.21 (5.93–6.49)","0.873 (0.77–0.975)","0 (0–0)","0.974 (0.888–1.06)","0 (0–0)","0 (0–0)","0.864 (0.728–1)","0 (0–0)","0 (0–0)","3.305 (3.06–3.55)","0.111 (0.107–0.115)","0.144 (0.116–0.172)","0 (0–0)","135.5 (135–136)","0 (0–0)","0 (0–0)","1.515 (1.48–1.55)","5.28 (5.02–5.54)","9.385 (9.24–9.53)","NaN (Inf–-Inf)","NaN (Inf–-Inf)","NaN (Inf–-Inf)","NaN (Inf–-Inf)","NaN (Inf–-Inf)","NaN (Inf–-Inf)","NaN (Inf–-Inf)","NaN (Inf–-Inf)","NaN (Inf–-Inf)","177.82 (176.62–179.02)"
"DU-58a","0 (0–0)","0 (0–0)","0 (0–0)","0 (0–0)","0 (0–0)","0 (0–0)","0 (0–0)","0 (0–0)","0 (0–0)","0.083 (0–0.136)","0 (0–0)","0 (0–0)","0 (0–0)","0 (0–0)","0 (0–0)","0 (0–0)","0.06 (0–0.102)","0 (0–0)","39.267 (32.4–47.8)","8.6 (6.88–10)","1.481 (0.933–2.16)","0 (0–0)","1.376 (0.897–1.63)","0 (0–0)","0 (0–0)","1.169 (0.926–1.33)","0 (0–0)","0 (0–0)","94.767 (71.4–120)","0.152 (0.108–0.176)","0.617 (0.383–0.799)","0 (0–0)","153 (123–183)","0 (0–0)","0.005 (0–0.015)","2.5 (2.15–2.88)","17.267 (12.1–22.2)","53.233 (40.9–62.9)","NaN (Inf–-Inf)","NaN (Inf–-Inf)","NaN (Inf–-Inf)","NaN (Inf–-Inf)","NaN (Inf–-Inf)","NaN (Inf–-Inf)","NaN (Inf–-Inf)","NaN (Inf–-Inf)","NaN (Inf–-Inf)","373.574 (292.439–448.438)"
"DU-81","0 (0–0)","0 (0–0)","0 (0–0)","0 (0–0)","0 (0–0)","0 (0–0)","0.116 (0.116–0.116)","0 (0–0)","0 (0–0)","0.065 (0.065–0.065)","0 (0–0)","0 (0–0)","0 (0–0)","0 (0–0)","0 (0–0)","0 (0–0)","0.853 (0.853–0.853)","0 (0–0)","13.1 (13.1–13.1)","4.02 (4.02–4.02)","2.42 (2.42–2.42)","0.056 (0.056–0.056)","2.53 (2.53–2.53)","0 (0–0)","0 (0–0)","6.37 (6.37–6.37)","0 (0–0)","0 (0–0)","29.6 (29.6–29.6)","0.164 (0.164–0.164)","0.364 (0.364–0.364)","0 (0–0)","155 (155–155)","0 (0–0)","0 (0–0)","1.7 (1.7–1.7)","6.2 (6.2–6.2)","15 (15–15)","NaN (Inf–-Inf)","NaN (Inf–-Inf)","NaN (Inf–-Inf)","NaN (Inf–-Inf)","NaN (Inf–-Inf)","NaN (Inf–-Inf)","NaN (Inf–-Inf)","NaN (Inf–-Inf)","NaN (Inf–-Inf)","237.558 (237.558–237.558)"
"GR-102b","NaN (Inf–-Inf)","0 (0–0)","0 (0–0)","NaN (Inf–-Inf)","0 (0–0)","NaN (Inf–-Inf)","0.966 (0.966–0.966)","0 (0–0)","0 (0–0)","0.639 (0.639–0.639)","0 (0–0)","0.292 (0.292–0.292)","0 (0–0)","0 (0–0)","0 (0–0)","0 (0–0)","0.049 (0.049–0.049)","0 (0–0)","2.92 (2.92–2.92)","1.648 (1.648–1.648)","2.201 (2.201–2.201)","0 (0–0)","0.367 (0.367–0.367)","0 (0–0)","NaN (Inf–-Inf)","0.34 (0.34–0.34)","0 (0–0)","0 (0–0)","0.888 (0.888–0.888)","0 (0–0)","0 (0–0)","NaN (Inf–-Inf)","119.96 (119.96–119.96)","0 (0–0)","0 (0–0)","0.394 (0.394–0.394)","0.94 (0.94–0.94)","2.744 (2.744–2.744)","0 (0–0)","0 (0–0)","0 (0–0)","0 (0–0)","0 (0–0)","0 (0–0)","0.178 (0.178–0.178)","0 (0–0)","0 (0–0)","134.526 (134.526–134.526)"
"GR-10a","NaN (Inf–-Inf)","0 (0–0)","0 (0–0)","NaN (Inf–-Inf)","0 (0–0)","NaN (Inf–-Inf)","2.253 (2.016–2.491)","0 (0–0)","0 (0–0)","1.817 (1.696–1.938)","0 (0–0)","0.701 (0.642–0.76)","0 (0–0)","0 (0–0)","0 (0–0)","0 (0–0)","0.073 (0.065–0.08)","0 (0–0)","6.16 (5.831–6.488)","3.019 (2.793–3.246)","1.598 (0.591–2.606)","0 (0–0)","0.748 (0.698–0.799)","0.024 (0.021–0.027)","NaN (Inf–-Inf)","0.362 (0.321–0.402)","0 (0–0)","0 (0–0)","1.958 (1.851–2.065)","0.145 (0–0.29)","0 (0–0)","NaN (Inf–-Inf)","196.415 (172.04–220.79)","0 (0–0)","0 (0–0)","0.747 (0.73–0.764)","1.775 (1.697–1.852)","4.99 (4.717–5.264)","0 (0–0)","0 (0–0)","0 (0–0)","0 (0–0)","0 (0–0)","0 (0–0)","0.87 (0.816–0.924)","0 (0–0)","0.529 (0.493–0.566)","224.185 (199.196–249.174)"
"GR-91a","NaN (Inf–-Inf)","0 (0–0)","0 (0–0)","NaN (Inf–-Inf)","0 (0–0)","NaN (Inf–-Inf)","1.903 (1.837–1.969)","0 (0–0)","0 (0–0)","1.595 (1.435–1.755)","0 (0–0)","0.538 (0.478–0.598)","0 (0–0)","0 (0–0)","0 (0–0)","0 (0–0)","0.043 (0.037–0.049)","0 (0–0)","5.767 (5.397–6.137)","2.974 (2.881–3.067)","1.331 (0.488–2.175)","0 (0–0)","0.642 (0.574–0.711)","0.016 (0.015–0.018)","NaN (Inf–-Inf)","0.373 (0.341–0.405)","0 (0–0)","0 (0–0)","2.194 (2.079–2.308)","0 (0–0)","0 (0–0)","NaN (Inf–-Inf)","182.485 (166.6–198.37)","0 (0–0)","0 (0–0)","0.8 (0.787–0.814)","2.044 (1.875–2.213)","5.309 (5.07–5.547)","0 (0–0)","0 (0–0)","0 (0–0)","0 (0–0)","0 (0–0)","0 (0–0)","0.257 (0.187–0.327)","0 (0–0)","0.258 (0–0.516)","208.53 (191.128–225.932)"
"IO-20","NaN (Inf–-Inf)","0 (0–0)","0 (0–0)","NaN (Inf–-Inf)","0 (0–0)","NaN (Inf–-Inf)","2.243 (1.924–2.483)","0 (0–0)","0 (0–0)","1.631 (1.526–1.697)","0 (0–0)","1.023 (0.906–1.247)","0 (0–0)","0 (0–0)","0.04 (0–0.121)","0 (0–0)","0.102 (0.049–0.189)","0 (0–0)","8.412 (8.187–8.676)","4.101 (4.001–4.228)","2.939 (0.859–4.217)","0 (0–0)","0.932 (0.843–0.979)","0.022 (0–0.043)","NaN (Inf–-Inf)","0.429 (0.412–0.461)","0 (0–0)","0 (0–0)","2.944 (2.84–3.107)","0.098 (0–0.295)","0.091 (0–0.272)","NaN (Inf–-Inf)","259.983 (253.02–271.6)","0 (0–0)","0 (0–0)","1.096 (1.042–1.133)","2.291 (2.274–2.307)","7.033 (6.946–7.141)","0 (0–0)","0 (0–0)","0 (0–0)","0 (0–0)","0 (0–0)","0 (0–0)","0.608 (0.45–0.777)","0 (0–0)","0.685 (0.572–0.754)","296.704 (289.789–310.165)"
"IO-21","NaN (Inf–-Inf)","0 (0–0)","0 (0–0)","NaN (Inf–-Inf)","0 (0–0)","NaN (Inf–-Inf)","1.712 (1.519–1.906)","0 (0–0)","0 (0–0)","2.462 (2.288–2.636)","0 (0–0)","1.504 (1.317–1.692)","0 (0–0)","0 (0–0)","0.074 (0–0.148)","0 (0–0)","0.084 (0.056–0.113)","0 (0–0)","6.97 (6.548–7.391)","3.375 (3.338–3.413)","1.784 (0.551–3.017)","0 (0–0)","1.202 (1.036–1.368)","0.021 (0.018–0.024)","NaN (Inf–-Inf)","0.95 (0.891–1.008)","0 (0–0)","0 (0–0)","3.072 (2.978–3.165)","0 (0–0)","0.354 (0.339–0.369)","NaN (Inf–-Inf)","248.64 (229.22–268.06)","0 (0–0)","0 (0–0)","0.861 (0.853–0.869)","1.815 (1.756–1.874)","5.159 (4.888–5.43)","0 (0–0)","0 (0–0)","0 (0–0)","0 (0–0)","0 (0–0)","0 (0–0)","0.534 (0.493–0.576)","0 (0–0)","0.724 (0.645–0.803)","281.298 (262.604–299.992)"
"IO-26","NaN (Inf–-Inf)","0 (0–0)","0 (0–0)","NaN (Inf–-Inf)","0 (0–0)","NaN (Inf–-Inf)","1.764 (1.74–1.788)","0 (0–0)","0 (0–0)","2.082 (2.082–2.083)","0 (0–0)","0.885 (0.825–0.946)","0 (0–0)","0 (0–0)","0 (0–0)","0 (0–0)","0.184 (0.157–0.21)","0 (0–0)","6.271 (6.152–6.391)","3.303 (3.277–3.328)","1.226 (0.759–1.693)","0 (0–0)","1.211 (1.151–1.271)","0.034 (0.027–0.042)","NaN (Inf–-Inf)","0.73 (0.669–0.791)","0 (0–0)","0 (0–0)","2.992 (2.961–3.024)","0.154 (0–0.309)","0.512 (0.456–0.568)","NaN (Inf–-Inf)","269.01 (254.71–283.31)","0 (0–0)","0 (0–0)","0.78 (0.76–0.8)","1.87 (1.77–1.971)","5.149 (5.048–5.249)","0 (0–0)","0 (0–0)","0 (0–0)","0 (0–0)","0 (0–0)","0 (0–0)","0.416 (0.408–0.424)","0 (0–0)","0.726 (0.643–0.808)","299.3 (285.46–313.141)"
"JU-14","NaN (Inf–-Inf)","0 (0–0)","0 (0–0)","NaN (Inf–-Inf)","0 (0–0)","NaN (Inf–-Inf)","3.736 (3.736–3.736)","0 (0–0)","0 (0–0)","5.573 (5.573–5.573)","0 (0–0)","5.806 (5.806–5.806)","0 (0–0)","0 (0–0)","0.754 (0.754–0.754)","0 (0–0)","0.139 (0.139–0.139)","0 (0–0)","13.276 (13.276–13.276)","10.532 (10.532–10.532)","1.659 (1.659–1.659)","0 (0–0)","1.222 (1.222–1.222)","0.017 (0.017–0.017)","NaN (Inf–-Inf)","0.257 (0.257–0.257)","0 (0–0)","0 (0–0)","3.901 (3.901–3.901)","0.468 (0.468–0.468)","0.23 (0.23–0.23)","NaN (Inf–-Inf)","408.55 (408.55–408.55)","0 (0–0)","0 (0–0)","4.871 (4.871–4.871)","7.961 (7.961–7.961)","10.98 (10.98–10.98)","0 (0–0)","0 (0–0)","0 (0–0)","0 (0–0)","0 (0–0)","0 (0–0)","6.387 (6.387–6.387)","0 (0–0)","2.422 (2.422–2.422)","488.741 (488.741–488.741)"
"JU-22","NaN (Inf–-Inf)","0 (0–0)","0 (0–0)","NaN (Inf–-Inf)","0 (0–0)","NaN (Inf–-Inf)","4.648 (4.506–4.79)","0 (0–0)","0 (0–0)","5.787 (5.677–5.898)","0 (0–0)","5.804 (5.564–6.044)","0 (0–0)","0 (0–0)","0.721 (0.708–0.734)","0 (0–0)","0.101 (0.097–0.105)","0 (0–0)","12.366 (11.286–13.445)","9.634 (8.657–10.61)","1.559 (1.484–1.634)","0 (0–0)","1.382 (1.177–1.586)","0.032 (0.032–0.032)","NaN (Inf–-Inf)","0.348 (0.347–0.35)","0 (0–0)","0 (0–0)","4.921 (4.44–5.401)","0.394 (0.336–0.452)","0 (0–0)","NaN (Inf–-Inf)","323.81 (289.73–357.89)","0 (0–0)","0 (0–0)","4.534 (3.888–5.181)","7.637 (6.814–8.46)","9.892 (9.187–10.597)","0 (0–0)","0 (0–0)","0 (0–0)","0 (0–0)","0 (0–0)","0 (0–0)","3.602 (3.221–3.982)","0 (0–0)","3.845 (3.824–3.866)","401.016 (361.721–440.311)"
"KE-02","0 (0–0)","0 (0–0)","0 (0–0)","0 (0–0)","0 (0–0)","0 (0–0)","0 (0–0)","0 (0–0)","0 (0–0)","0 (0–0)","0 (0–0)","0 (0–0)","0 (0–0)","0 (0–0)","0 (0–0)","0 (0–0)","0.123 (0.123–0.123)","0 (0–0)","8.25 (8.25–8.25)","2.43 (2.43–2.43)","0.224 (0.224–0.224)","0 (0–0)","1.14 (1.14–1.14)","0 (0–0)","0 (0–0)","0.778 (0.778–0.778)","0 (0–0)","0 (0–0)","8.29 (8.29–8.29)","0 (0–0)","0.656 (0.656–0.656)","0 (0–0)","116 (116–116)","0 (0–0)","0 (0–0)","0.627 (0.627–0.627)","2.33 (2.33–2.33)","5.08 (5.08–5.08)","NaN (Inf–-Inf)","NaN (Inf–-Inf)","NaN (Inf–-Inf)","NaN (Inf–-Inf)","NaN (Inf–-Inf)","NaN (Inf–-Inf)","NaN (Inf–-Inf)","NaN (Inf–-Inf)","NaN (Inf–-Inf)","145.928 (145.928–145.928)"
"KE-08","0 (0–0)","0 (0–0)","0 (0–0)","0 (0–0)","0 (0–0)","0 (0–0)","0 (0–0)","0 (0–0)","0 (0–0)","0 (0–0)","0 (0–0)","0 (0–0)","0 (0–0)","0 (0–0)","0 (0–0)","0 (0–0)","0.208 (0.2–0.216)","0 (0–0)","8.76 (8.6–8.92)","2.41 (2.37–2.45)","0.608 (0.412–0.804)","0 (0–0)","1.805 (1.74–1.87)","0 (0–0)","0 (0–0)","0.881 (0.88–0.882)","0 (0–0)","0 (0–0)","8.02 (7.79–8.25)","0.044 (0–0.087)","0.498 (0.442–0.553)","0 (0–0)","174 (168–180)","0 (0–0)","0 (0–0)","0.742 (0.738–0.746)","3.995 (2.81–5.18)","6.135 (6.05–6.22)","NaN (Inf–-Inf)","NaN (Inf–-Inf)","NaN (Inf–-Inf)","NaN (Inf–-Inf)","NaN (Inf–-Inf)","NaN (Inf–-Inf)","NaN (Inf–-Inf)","NaN (Inf–-Inf)","NaN (Inf–-Inf)","208.105 (203.308–212.902)"
"LI-24","NaN (Inf–-Inf)","0 (0–0)","0 (0–0)","NaN (Inf–-Inf)","0.828 (0.828–0.828)","NaN (Inf–-Inf)","13.311 (13.311–13.311)","0 (0–0)","0 (0–0)","13.274 (13.274–13.274)","0 (0–0)","3.846 (3.846–3.846)","0 (0–0)","0 (0–0)","0 (0–0)","0 (0–0)","0.184 (0.184–0.184)","0 (0–0)","7.877 (7.877–7.877)","15.41 (15.41–15.41)","1.915 (1.915–1.915)","0 (0–0)","2.793 (2.793–2.793)","0.036 (0.036–0.036)","NaN (Inf–-Inf)","0.499 (0.499–0.499)","0 (0–0)","0 (0–0)","5.104 (5.104–5.104)","0.728 (0.728–0.728)","1.914 (1.914–1.914)","NaN (Inf–-Inf)","442.81 (442.81–442.81)","0 (0–0)","0 (0–0)","4.017 (4.017–4.017)","6.865 (6.865–6.865)","10.408 (10.408–10.408)","0 (0–0)","0 (0–0)","0 (0–0)","0 (0–0)","0 (0–0)","0 (0–0)","0.847 (0.847–0.847)","0.828 (0.828–0.828)","2.76 (2.76–2.76)","536.254 (536.254–536.254)"
"LI-30a","NaN (Inf–-Inf)","0 (0–0)","0 (0–0)","NaN (Inf–-Inf)","0 (0–0)","NaN (Inf–-Inf)","10.37 (10.207–10.534)","0 (0–0)","0 (0–0)","9.659 (8.947–10.372)","0 (0–0)","3.541 (3.503–3.579)","0 (0–0)","0 (0–0)","0 (0–0)","0 (0–0)","0.15 (0.128–0.172)","0 (0–0)","4.639 (4.462–4.815)","10.624 (10.397–10.851)","0.679 (0.679–0.679)","0 (0–0)","1.088 (1.061–1.116)","0.014 (0–0.028)","NaN (Inf–-Inf)","0.25 (0.219–0.28)","0 (0–0)","0 (0–0)","2.82 (2.629–3.011)","0.2 (0–0.4)","2.015 (1.923–2.107)","NaN (Inf–-Inf)","209.33 (203.36–215.3)","0 (0–0)","0 (0–0)","3.405 (3.271–3.539)","5.576 (5.437–5.715)","6.277 (5.992–6.562)","0 (0–0)","0 (0–0)","0 (0–0)","0 (0–0)","0 (0–0)","0 (0–0)","2.006 (1.605–2.406)","0 (0–0)","2.433 (1.828–3.037)","274.736 (267.498–281.974)"
"LI-47","NaN (Inf–-Inf)","0 (0–0)","0 (0–0)","NaN (Inf–-Inf)","0 (0–0)","NaN (Inf–-Inf)","11.041 (8.726–13.355)","0 (0–0)","0 (0–0)","8.741 (7.731–9.751)","0 (0–0)","4.46 (3.813–5.108)","0 (0–0)","0 (0–0)","0.136 (0.122–0.151)","0 (0–0)","0.083 (0.066–0.1)","0 (0–0)","10 (8.766–11.234)","14.694 (12.479–16.91)","0.994 (0.834–1.153)","0 (0–0)","1.904 (1.732–2.075)","0.02 (0.018–0.021)","NaN (Inf–-Inf)","0.633 (0.562–0.705)","0 (0–0)","0 (0–0)","7.51 (6.673–8.346)","0.51 (0.437–0.584)","1.924 (1.751–2.096)","NaN (Inf–-Inf)","381.29 (328.13–434.45)","0 (0–0)","0 (0–0)","3.013 (2.547–3.478)","5.824 (4.961–6.687)","12.372 (10.984–13.76)","0 (0–0)","0 (0–0)","0 (0–0)","0 (0–0)","0 (0–0)","0 (0–0)","0.33 (0.303–0.357)","0 (0–0)","1.149 (0.832–1.465)","466.626 (402.277–530.976)"
"LI31-001","NaN (Inf–-Inf)","0 (0–0)","0 (0–0)","NaN (Inf–-Inf)","0 (0–0)","NaN (Inf–-Inf)","31.616 (31.616–31.616)","0 (0–0)","0 (0–0)","13.388 (13.388–13.388)","0 (0–0)","15.505 (15.505–15.505)","0 (0–0)","0 (0–0)","0.426 (0.426–0.426)","0 (0–0)","0.094 (0.094–0.094)","0 (0–0)","6.317 (6.317–6.317)","16.163 (16.163–16.163)","1.53 (1.53–1.53)","0 (0–0)","2.422 (2.422–2.422)","0.029 (0.029–0.029)","NaN (Inf–-Inf)","0.358 (0.358–0.358)","0 (0–0)","0 (0–0)","2.57 (2.57–2.57)","0.757 (0.757–0.757)","0.605 (0.605–0.605)","NaN (Inf–-Inf)","410.11 (410.11–410.11)","0 (0–0)","0 (0–0)","5.803 (5.803–5.803)","8.528 (8.528–8.528)","7.409 (7.409–7.409)","0 (0–0)","0 (0–0)","0 (0–0)","0 (0–0)","0 (0–0)","0 (0–0)","5.886 (5.886–5.886)","0 (0–0)","10.202 (10.202–10.202)","539.718 (539.718–539.718)"
"LI31-002","NaN (Inf–-Inf)","0 (0–0)","0 (0–0)","NaN (Inf–-Inf)","0 (0–0)","NaN (Inf–-Inf)","25.519 (25.519–25.519)","0 (0–0)","0 (0–0)","11.258 (11.258–11.258)","0 (0–0)","14.714 (14.714–14.714)","0 (0–0)","0 (0–0)","0.304 (0.304–0.304)","0 (0–0)","0.078 (0.078–0.078)","0 (0–0)","5.576 (5.576–5.576)","13.173 (13.173–13.173)","0.152 (0.152–0.152)","0 (0–0)","2.456 (2.456–2.456)","0.026 (0.026–0.026)","NaN (Inf–-Inf)","0.34 (0.34–0.34)","0 (0–0)","0 (0–0)","2.421 (2.421–2.421)","0.745 (0.745–0.745)","0.516 (0.516–0.516)","NaN (Inf–-Inf)","408.47 (408.47–408.47)","0 (0–0)","0 (0–0)","4.522 (4.522–4.522)","6.705 (6.705–6.705)","6.264 (6.264–6.264)","0 (0–0)","0 (0–0)","0 (0–0)","0 (0–0)","0 (0–0)","0 (0–0)","5.231 (5.231–5.231)","0 (0–0)","10.233 (10.233–10.233)","518.703 (518.703–518.703)"
"MC-03b","0 (0–0)","0 (0–0)","0 (0–0)","0 (0–0)","0 (0–0)","0 (0–0)","0 (0–0)","0 (0–0)","0 (0–0)","0 (0–0)","0 (0–0)","0 (0–0)","0 (0–0)","0 (0–0)","0 (0–0)","0 (0–0)","0 (0–0)","0 (0–0)","11.9 (11.9–11.9)","3.69 (3.69–3.69)","1.15 (1.15–1.15)","0 (0–0)","1.39 (1.39–1.39)","0 (0–0)","0 (0–0)","1.44 (1.44–1.44)","0 (0–0)","0 (0–0)","8.73 (8.73–8.73)","0.073 (0.073–0.073)","0.243 (0.243–0.243)","0 (0–0)","179 (179–179)","0 (0–0)","0 (0–0)","1.17 (1.17–1.17)","7.96 (7.96–7.96)","8.95 (8.95–8.95)","NaN (Inf–-Inf)","NaN (Inf–-Inf)","NaN (Inf–-Inf)","NaN (Inf–-Inf)","NaN (Inf–-Inf)","NaN (Inf–-Inf)","NaN (Inf–-Inf)","NaN (Inf–-Inf)","NaN (Inf–-Inf)","225.696 (225.696–225.696)"
"MC-06","0 (0–0)","0 (0–0)","0 (0–0)","0 (0–0)","0 (0–0)","0 (0–0)","0 (0–0)","0 (0–0)","0 (0–0)","0.206 (0.197–0.215)","0 (0–0)","0 (0–0)","0 (0–0)","0 (0–0)","0 (0–0)","0 (0–0)","0 (0–0)","0 (0–0)","21.6 (21.4–21.8)","5.285 (5.27–5.3)","0.875 (0.721–1.03)","0 (0–0)","2.17 (2.15–2.19)","0 (0–0)","0 (0–0)","1.695 (1.44–1.95)","0 (0–0)","0 (0–0)","14.9 (12.9–16.9)","0.098 (0.094–0.102)","0.627 (0.539–0.714)","0 (0–0)","217.5 (200–235)","0 (0–0)","0 (0–0)","1.675 (1.64–1.71)","7.94 (7.25–8.63)","16.3 (15.1–17.5)","NaN (Inf–-Inf)","NaN (Inf–-Inf)","NaN (Inf–-Inf)","NaN (Inf–-Inf)","NaN (Inf–-Inf)","NaN (Inf–-Inf)","NaN (Inf–-Inf)","NaN (Inf–-Inf)","NaN (Inf–-Inf)","290.871 (277.513–304.229)"
"MC-14","0 (0–0)","0 (0–0)","0 (0–0)","0 (0–0)","0 (0–0)","0 (0–0)","0 (0–0)","0 (0–0)","0 (0–0)","0 (0–0)","0 (0–0)","0 (0–0)","0 (0–0)","0 (0–0)","0 (0–0)","0 (0–0)","0.116 (0.09–0.143)","0 (0–0)","6.755 (6.52–6.99)","2.945 (2.91–2.98)","1.199 (0.958–1.44)","0 (0–0)","1.61 (1.47–1.75)","0 (0–0)","0 (0–0)","1.745 (1.69–1.8)","0 (0–0)","0 (0–0)","7.9 (7.79–8.01)","0.066 (0.063–0.069)","1.168 (0.847–1.49)","0 (0–0)","136 (128–144)","0 (0–0)","0 (0–0)","1.44 (1.41–1.47)","4.19 (3.63–4.75)","5.63 (5.58–5.68)","NaN (Inf–-Inf)","NaN (Inf–-Inf)","NaN (Inf–-Inf)","NaN (Inf–-Inf)","NaN (Inf–-Inf)","NaN (Inf–-Inf)","NaN (Inf–-Inf)","NaN (Inf–-Inf)","NaN (Inf–-Inf)","170.765 (162.01–179.52)"
"MC-17","0 (0–0)","0 (0–0)","0 (0–0)","0 (0–0)","0 (0–0)","0 (0–0)","0 (0–0)","0 (0–0)","0 (0–0)","0 (0–0)","0 (0–0)","0 (0–0)","0 (0–0)","0 (0–0)","0 (0–0)","0 (0–0)","0 (0–0)","0 (0–0)","9.1 (9.1–9.1)","2.11 (2.11–2.11)","0.761 (0.761–0.761)","0 (0–0)","1.09 (1.09–1.09)","0 (0–0)","0 (0–0)","0.917 (0.917–0.917)","0 (0–0)","0 (0–0)","8.62 (8.62–8.62)","0.044 (0.044–0.044)","0.699 (0.699–0.699)","0 (0–0)","132 (132–132)","0 (0–0)","0 (0–0)","0.714 (0.714–0.714)","4.95 (4.95–4.95)","6.32 (6.32–6.32)","NaN (Inf–-Inf)","NaN (Inf–-Inf)","NaN (Inf–-Inf)","NaN (Inf–-Inf)","NaN (Inf–-Inf)","NaN (Inf–-Inf)","NaN (Inf–-Inf)","NaN (Inf–-Inf)","NaN (Inf–-Inf)","167.325 (167.325–167.325)"
"MR-25","NaN (Inf–-Inf)","0 (0–0)","0 (0–0)","NaN (Inf–-Inf)","0 (0–0)","NaN (Inf–-Inf)","0.084 (0–0.168)","0 (0–0)","0 (0–0)","0.214 (0.207–0.22)","0 (0–0)","0 (0–0)","0 (0–0)","0 (0–0)","0 (0–0)","0 (0–0)","0.054 (0.05–0.058)","0.036 (0.021–0.052)","8.253 (6.746–9.759)","2.251 (1.878–2.624)","0.72 (0.696–0.745)","0 (0–0)","0.789 (0.677–0.901)","0.022 (0.022–0.023)","NaN (Inf–-Inf)","0.249 (0.222–0.276)","0 (0–0)","0 (0–0)","12.767 (10.064–15.469)","0 (0–0)","0 (0–0)","NaN (Inf–-Inf)","108.166 (94.702–121.63)","0 (0–0)","0 (0–0)","0.801 (0.736–0.867)","3.593 (3.098–4.088)","8.535 (7.241–9.829)","0 (0–0)","0 (0–0)","0 (0–0)","0 (0–0)","0 (0–0)","0 (0–0)","0 (0–0)","0 (0–0)","0 (0–0)","146.534 (126.368–166.701)"
"ON-138c","NaN (Inf–-Inf)","0 (0–0)","0 (0–0)","NaN (Inf–-Inf)","0 (0–0)","NaN (Inf–-Inf)","0 (0–0)","0 (0–0)","0 (0–0)","0.25 (0.236–0.263)","0 (0–0)","0 (0–0)","0 (0–0)","0 (0–0)","0 (0–0)","0 (0–0)","0.024 (0–0.049)","0 (0–0)","1.84 (1.773–1.908)","0.639 (0.618–0.661)","0.834 (0.796–0.872)","0 (0–0)","0 (0–0)","0.02 (0.015–0.025)","NaN (Inf–-Inf)","0.211 (0.194–0.227)","0 (0–0)","0 (0–0)","1.266 (1.219–1.312)","0 (0–0)","0 (0–0)","NaN (Inf–-Inf)","16.848 (16.299–17.397)","0 (0–0)","0 (0–0)","0.08 (0–0.161)","0.57 (0.549–0.59)","2.1 (2.063–2.137)","0 (0–0)","0 (0–0)","0 (0–0)","0 (0–0)","0 (0–0)","0 (0–0)","0 (0–0)","0 (0–0)","0 (0–0)","24.682 (24.124–25.24)"
"ON-31g","NaN (Inf–-Inf)","0 (0–0)","0 (0–0)","NaN (Inf–-Inf)","0 (0–0)","NaN (Inf–-Inf)","3.055 (3.006–3.105)","0 (0–0)","0 (0–0)","1.5 (1.318–1.681)","0 (0–0)","0.93 (0.573–1.287)","0 (0–0)","0 (0–0)","0 (0–0)","0 (0–0)","0.254 (0.221–0.287)","0 (0–0)","10.97 (9.664–12.276)","2.855 (2.562–3.148)","0.178 (0.171–0.186)","0.418 (0.24–0.596)","8.757 (7.522–9.992)","0.029 (0.02–0.039)","NaN (Inf–-Inf)","1.472 (1.199–1.744)","0 (0–0)","0 (0–0)","11.924 (9.856–13.993)","0 (0–0)","13.518 (13.441–13.595)","NaN (Inf–-Inf)","419.03 (346.42–491.64)","0 (0–0)","0.016 (0–0.031)","0.579 (0.547–0.61)","1.584 (1.485–1.684)","6.945 (6.098–7.792)","0 (0–0)","0 (0–0)","0 (0–0)","0 (0–0)","0 (0–0)","0 (0–0)","10.945 (8.145–13.746)","0 (0–0)","0.935 (0.841–1.029)","495.895 (415.773–576.017)"
"ON007-001","NaN (Inf–-Inf)","0 (0–0)","0 (0–0)","NaN (Inf–-Inf)","0 (0–0)","NaN (Inf–-Inf)","0 (0–0)","0 (0–0)","0 (0–0)","0.25 (0.25–0.25)","0 (0–0)","0 (0–0)","0 (0–0)","0 (0–0)","0 (0–0)","0 (0–0)","0.044 (0.044–0.044)","0 (0–0)","2.444 (2.444–2.444)","0.597 (0.597–0.597)","0.12 (0.12–0.12)","0 (0–0)","0 (0–0)","0.019 (0.019–0.019)","NaN (Inf–-Inf)","0.104 (0.104–0.104)","0 (0–0)","0 (0–0)","0.731 (0.731–0.731)","0 (0–0)","0 (0–0)","NaN (Inf–-Inf)","11.988 (11.988–11.988)","0 (0–0)","0 (0–0)","0 (0–0)","0.612 (0.612–0.612)","2.486 (2.486–2.486)","0 (0–0)","0 (0–0)","0 (0–0)","0 (0–0)","0 (0–0)","0 (0–0)","0 (0–0)","0 (0–0)","0 (0–0)","19.395 (19.395–19.395)"
"OU-06a","0 (0–0)","0 (0–0)","0 (0–0)","0 (0–0)","0 (0–0)","0 (0–0)","0 (0–0)","0 (0–0)","0 (0–0)","0 (0–0)","0 (0–0)","0.321 (0.321–0.321)","0 (0–0)","0 (0–0)","0 (0–0)","0 (0–0)","0 (0–0)","0 (0–0)","4.68 (4.68–4.68)","1.17 (1.17–1.17)","0.6 (0.6–0.6)","0 (0–0)","0.698 (0.698–0.698)","0 (0–0)","0 (0–0)","0.488 (0.488–0.488)","0 (0–0)","0 (0–0)","3.46 (3.46–3.46)","0.102 (0.102–0.102)","0.083 (0.083–0.083)","0 (0–0)","123 (123–123)","0 (0–0)","0 (0–0)","0.355 (0.355–0.355)","0.975 (0.975–0.975)","3.15 (3.15–3.15)","NaN (Inf–-Inf)","NaN (Inf–-Inf)","NaN (Inf–-Inf)","NaN (Inf–-Inf)","NaN (Inf–-Inf)","NaN (Inf–-Inf)","NaN (Inf–-Inf)","NaN (Inf–-Inf)","NaN (Inf–-Inf)","139.082 (139.082–139.082)"
"OU-13a","0.152 (0.152–0.152)","0 (0–0)","0 (0–0)","0 (0–0)","0 (0–0)","0 (0–0)","0.163 (0.163–0.163)","0 (0–0)","0 (0–0)","0 (0–0)","0 (0–0)","0 (0–0)","0 (0–0)","0 (0–0)","0 (0–0)","0 (0–0)","0.178 (0.178–0.178)","0 (0–0)","5.43 (5.43–5.43)","1.95 (1.95–1.95)","1.08 (1.08–1.08)","0 (0–0)","1.28 (1.28–1.28)","0 (0–0)","0 (0–0)","1.34 (1.34–1.34)","0 (0–0)","0 (0–0)","4.14 (4.14–4.14)","0.136 (0.136–0.136)","0.215 (0.215–0.215)","0 (0–0)","166 (166–166)","0 (0–0)","0 (0–0)","0.803 (0.803–0.803)","1.58 (1.58–1.58)","3.8 (3.8–3.8)","NaN (Inf–-Inf)","NaN (Inf–-Inf)","NaN (Inf–-Inf)","NaN (Inf–-Inf)","NaN (Inf–-Inf)","NaN (Inf–-Inf)","NaN (Inf–-Inf)","NaN (Inf–-Inf)","NaN (Inf–-Inf)","188.247 (188.247–188.247)"
"PT-04b","NaN (Inf–-Inf)","0 (0–0)","0 (0–0)","NaN (Inf–-Inf)","0 (0–0)","NaN (Inf–-Inf)","5.424 (5.322–5.525)","0 (0–0)","0 (0–0)","3.971 (3.848–4.094)","0 (0–0)","2.108 (1.838–2.378)","0 (0–0)","0 (0–0)","0.12 (0.12–0.12)","0 (0–0)","0.1 (0.097–0.103)","0 (0–0)","8.659 (8.311–9.008)","7.065 (6.936–7.194)","0.799 (0.749–0.85)","0 (0–0)","1.455 (1.411–1.499)","0.01 (0–0.02)","NaN (Inf–-Inf)","0.277 (0.253–0.302)","0 (0–0)","0 (0–0)","3.354 (3.256–3.452)","0.16 (0–0.32)","0.11 (0–0.22)","NaN (Inf–-Inf)","297.96 (275.87–320.05)","0 (0–0)","0 (0–0)","1.982 (1.958–2.005)","3.652 (3.638–3.666)","7.226 (7–7.452)","0 (0–0)","0 (0–0)","0 (0–0)","0 (0–0)","0 (0–0)","0 (0–0)","1.671 (1.426–1.915)","0 (0–0)","0.875 (0.757–0.993)","346.978 (324.994–368.962)"
"RI-20/RI-22","NaN (Inf–-Inf)","0 (0–0)","0 (0–0)","NaN (Inf–-Inf)","0 (0–0)","NaN (Inf–-Inf)","1.074 (1.074–1.074)","0 (0–0)","0 (0–0)","1.171 (1.171–1.171)","0 (0–0)","0.549 (0.549–0.549)","0 (0–0)","0 (0–0)","0.24 (0.24–0.24)","0 (0–0)","0.082 (0.082–0.082)","0 (0–0)","3.235 (3.235–3.235)","1.643 (1.643–1.643)","0.777 (0.777–0.777)","0 (0–0)","0.395 (0.395–0.395)","0.022 (0.022–0.022)","NaN (Inf–-Inf)","0.3 (0.3–0.3)","0 (0–0)","0 (0–0)","1.467 (1.467–1.467)","0 (0–0)","0.333 (0.333–0.333)","NaN (Inf–-Inf)","116.08 (116.08–116.08)","0 (0–0)","0 (0–0)","0.39 (0.39–0.39)","0.943 (0.943–0.943)","2.586 (2.586–2.586)","0 (0–0)","0 (0–0)","0 (0–0)","0 (0–0)","0 (0–0)","0 (0–0)","1.193 (1.193–1.193)","0 (0–0)","0 (0–0)","132.48 (132.48–132.48)"
"SB-07","0 (0–0)","0 (0–0)","0 (0–0)","0 (0–0)","0 (0–0)","0 (0–0)","0 (0–0)","0 (0–0)","0 (0–0)","0.088 (0.088–0.088)","0 (0–0)","0 (0–0)","0 (0–0)","0 (0–0)","0 (0–0)","0 (0–0)","0 (0–0)","0 (0–0)","6.64 (6.64–6.64)","1.95 (1.95–1.95)","0.982 (0.982–0.982)","0 (0–0)","1.21 (1.21–1.21)","0 (0–0)","0 (0–0)","1.42 (1.42–1.42)","0 (0–0)","0 (0–0)","5.95 (5.95–5.95)","0.068 (0.068–0.068)","0.602 (0.602–0.602)","0 (0–0)","231 (231–231)","0 (0–0)","0 (0–0)","0.607 (0.607–0.607)","3.8 (3.8–3.8)","5.2 (5.2–5.2)","NaN (Inf–-Inf)","NaN (Inf–-Inf)","NaN (Inf–-Inf)","NaN (Inf–-Inf)","NaN (Inf–-Inf)","NaN (Inf–-Inf)","NaN (Inf–-Inf)","NaN (Inf–-Inf)","NaN (Inf–-Inf)","259.517 (259.517–259.517)"
"SK-02","NaN (Inf–-Inf)","0 (0–0)","0 (0–0)","NaN (Inf–-Inf)","0 (0–0)","NaN (Inf–-Inf)","1.39 (1.37–1.409)","0 (0–0)","0 (0–0)","1.774 (1.57–1.977)","0 (0–0)","0.748 (0.525–0.97)","0 (0–0)","0 (0–0)","0.085 (0–0.17)","0 (0–0)","0.076 (0.072–0.08)","0 (0–0)","5.786 (5.024–6.547)","3.739 (3.146–4.331)","2.224 (2.087–2.362)","0 (0–0)","0.623 (0.524–0.723)","0.016 (0–0.033)","NaN (Inf–-Inf)","0.298 (0.287–0.309)","0 (0–0)","0 (0–0)","2.21 (1.91–2.51)","0 (0–0)","0.242 (0.239–0.244)","NaN (Inf–-Inf)","174.495 (152.18–196.81)","0 (0–0)","0 (0–0)","1.018 (0.836–1.199)","2.144 (1.85–2.439)","5.072 (4.435–5.708)","0 (0–0)","0 (0–0)","0 (0–0)","0 (0–0)","0 (0–0)","0 (0–0)","0.315 (0.248–0.382)","0 (0–0)","0.526 (0.492–0.561)","202.779 (176.956–228.603)"
"WI-09","0.044 (0–0.087)","0 (0–0)","0 (0–0)","0 (0–0)","0 (0–0)","0 (0–0)","0 (0–0)","0 (0–0)","0 (0–0)","0.078 (0.077–0.08)","0 (0–0)","0.757 (0.704–0.81)","0 (0–0)","0 (0–0)","0 (0–0)","0 (0–0)","0 (0–0)","0 (0–0)","8.8 (8.76–8.84)","2.275 (1.79–2.76)","0.888 (0.829–0.948)","0 (0–0)","0.875 (0.739–1.01)","0 (0–0)","0 (0–0)","1.345 (1.29–1.4)","0 (0–0)","0 (0–0)","8.945 (8.5–9.39)","0.086 (0.08–0.093)","0.2 (0.156–0.243)","0 (0–0)","118 (118–118)","0 (0–0)","0 (0–0)","0.838 (0.616–1.06)","1.855 (1.76–1.95)","6.48 (6.14–6.82)","NaN (Inf–-Inf)","NaN (Inf–-Inf)","NaN (Inf–-Inf)","NaN (Inf–-Inf)","NaN (Inf–-Inf)","NaN (Inf–-Inf)","NaN (Inf–-Inf)","NaN (Inf–-Inf)","NaN (Inf–-Inf)","151.466 (151.217–151.715)"
"WI-10a","0.092 (0.084–0.101)","0 (0–0)","0 (0–0)","0 (0–0)","0 (0–0)","0 (0–0)","0 (0–0)","0 (0–0)","0 (0–0)","0.138 (0.138–0.138)","0 (0–0)","0.523 (0.44–0.606)","0 (0–0)","0 (0–0)","0 (0–0)","0 (0–0)","0 (0–0)","0 (0–0)","8.995 (8.3–9.69)","1.75 (1.57–1.93)","0.738 (0.645–0.832)","0 (0–0)","0.36 (0.27–0.45)","0 (0–0)","0 (0–0)","0.531 (0.356–0.706)","0 (0–0)","0 (0–0)","2.94 (2.03–3.85)","0.079 (0.067–0.091)","0.016 (0–0.031)","0 (0–0)","116 (109–123)","0 (0–0)","0 (0–0)","0.408 (0.383–0.433)","1.39 (1.28–1.5)","5.66 (5.24–6.08)","NaN (Inf–-Inf)","NaN (Inf–-Inf)","NaN (Inf–-Inf)","NaN (Inf–-Inf)","NaN (Inf–-Inf)","NaN (Inf–-Inf)","NaN (Inf–-Inf)","NaN (Inf–-Inf)","NaN (Inf–-Inf)","139.62 (129.969–149.272)"
"WO-07b","NaN (Inf–-Inf)","0 (0–0)","0 (0–0)","NaN (Inf–-Inf)","0 (0–0)","NaN (Inf–-Inf)","8.414 (8.177–8.651)","0 (0–0)","0 (0–0)","4.546 (4.401–4.692)","0 (0–0)","1.764 (1.667–1.86)","0 (0–0)","0 (0–0)","0 (0–0)","0 (0–0)","0.096 (0.092–0.101)","0 (0–0)","12.594 (11.754–13.434)","9.407 (9.019–9.794)","1.171 (1.116–1.225)","0 (0–0)","1.513 (1.461–1.565)","0.024 (0.022–0.025)","NaN (Inf–-Inf)","0.279 (0.259–0.3)","0 (0–0)","0 (0–0)","3.266 (2.847–3.685)","0.562 (0.491–0.634)","0.342 (0.29–0.395)","NaN (Inf–-Inf)","411.055 (405.31–416.8)","0 (0–0)","0 (0–0)","2.219 (2.056–2.382)","4.378 (4.1–4.657)","10.948 (10.399–11.498)","0 (0–0)","0 (0–0)","0 (0–0)","0 (0–0)","0 (0–0)","0 (0–0)","1.752 (1.685–1.819)","0 (0–0)","1.631 (1.329–1.933)","475.962 (466.487–485.438)"
